-- MySQL dump 10.16  Distrib 10.1.48-MariaDB, for debian-linux-gnu (x86_64)
--
-- Host: localhost    Database: db
-- ------------------------------------------------------
-- Server version	10.1.48-MariaDB-0+deb9u2

/*!40101 SET @OLD_CHARACTER_SET_CLIENT=@@CHARACTER_SET_CLIENT */;
/*!40101 SET @OLD_CHARACTER_SET_RESULTS=@@CHARACTER_SET_RESULTS */;
/*!40101 SET @OLD_COLLATION_CONNECTION=@@COLLATION_CONNECTION */;
/*!40101 SET NAMES utf8mb4 */;
/*!40103 SET @OLD_TIME_ZONE=@@TIME_ZONE */;
/*!40103 SET TIME_ZONE='+00:00' */;
/*!40014 SET @OLD_UNIQUE_CHECKS=@@UNIQUE_CHECKS, UNIQUE_CHECKS=0 */;
/*!40014 SET @OLD_FOREIGN_KEY_CHECKS=@@FOREIGN_KEY_CHECKS, FOREIGN_KEY_CHECKS=0 */;
/*!40101 SET @OLD_SQL_MODE=@@SQL_MODE, SQL_MODE='NO_AUTO_VALUE_ON_ZERO' */;
/*!40111 SET @OLD_SQL_NOTES=@@SQL_NOTES, SQL_NOTES=0 */;

--
-- Table structure for table `CLIENTES`
--

DROP TABLE IF EXISTS `CLIENTES`;
/*!40101 SET @saved_cs_client     = @@character_set_client */;
/*!40101 SET character_set_client = utf8 */;
CREATE TABLE `CLIENTES` (
  `CÓDIGO CLIENTE` varchar(4) DEFAULT NULL,
  `EMPRESA` varchar(24) DEFAULT NULL,
  `DIRECCIÓN` varchar(19) DEFAULT NULL,
  `POBLACIÓN` varchar(9) DEFAULT NULL,
  `TELÉFONO` int(11) DEFAULT NULL,
  `RESPONSABLE` varchar(17) DEFAULT NULL,
  `HISTORIAL` varchar(0) DEFAULT NULL
) ENGINE=InnoDB DEFAULT CHARSET=utf8mb4;
/*!40101 SET character_set_client = @saved_cs_client */;

--
-- Dumping data for table `CLIENTES`
--

LOCK TABLES `CLIENTES` WRITE;
/*!40000 ALTER TABLE `CLIENTES` DISABLE KEYS */;
INSERT INTO `CLIENTES` VALUES ('CT01','BELTRÁN E HIJOS','LAS FUENTES 78','MADRID',914456435,'ANGEL MARTÍNEZ',''),('CT02','LA MODERNA','LA PALOMA 123','OVIEDO',985323434,'JUAN GARCÍA',''),('CT03','EL ESPAÑOLITO','MOTORES 34','BARCELONA',934565343,'ANA FERNÁNDEZ',''),('CT04','EXPORTASA','VALLECAS 34','MADRID',913452378,'ELVIRA GÓMEZ',''),('CT06','CONFECCIONES AMPARO','LOS MOROS 23','GIJÓN',985754332,'LUÍS ÁLVAREZ',''),('CT07','LA CASA DEL JUGUETE','AMÉRICA 45','MADRID',912649987,'ELÍAS PÉREZ',''),('CT08','JUGUETERÍA SUÁREZ','PARIS 123','BARCELONA',933457866,'JUAN GARCÍA',''),('CT09','ALMACÉN POPULAR','LAS FUENTES 124','BILBAO',942347127,'JOSÉ ÁLVAREZ',''),('CT10','FERETERÍA EL CLAVO','PASEO DE ÁLAMOS 78','MADRID',914354866,'MANUEL MENÉNDEZ',''),('CT11','JUGUETES MARTÍNEZ','VIA LAYETANA 245','BARCELONA',936628554,'FRANCISCO CUEVAS',''),('CT12','FERNÁNDEZ SL','PASEO DEL MAR 45','SANTANDER',942049586,'ELISA COLLADO',''),('CT13','CONFECCIONES ARTÍMEZ','GENERAL PERÓN 45','A CORUÑA',981345239,'ESTEBAN PASCUAL',''),('CT14','DEPORTES GARCÍA','GUZMÁN EL BUENO 45','MADRID',913299475,'ANA JIMÉNEZ',''),('CT15','EXCLUSIVAS FERNÁNDEZ','LLOBREGAT 250','BARCELONA',939558365,'LUISA FERNÁNDEZ',''),('CT16','DEPORTES MORÁN','AUTONOMÍA 45','LUGO',982986944,'JOSÉ MANZANO',''),('CT17','BAZAR FRANCISCO','CARMEN 45','ZAMORA',980495288,'CARLOS BELTRÁN',''),('CT18','JUGUETES LA SONRISA','LA BAÑEZA 67','LEÓN',987945368,'FAUSTINO PÉREZ',''),('CT19','CONFECCIONES GALÁN','FUENCARRAL 78','MADRID',913859234,'JUAN GARCÍA',''),('CT20','LA CURTIDORA','OLIVARES 3','MÁLAGA',953756259,'MARÍA GÓMEZ',''),('CT21','LÍNEA JOVEN','SIERPES 78','SEVILLA',953452567,'ASUNCIÓN SALADO',''),('CT22','BAZAR EL BARAT','DIAGONAL 56','BARCELONA',936692866,'ELISA DAPENA',''),('CT23','EL PALACIO DE LA MODA','ORTEGA Y GASSET 129','MADRID',927785235,'LAURA CARRASCO',''),('CT24','SÁEZ Y CÍA','INFANTA MERCEDS 23','SEVILLA',954869234,'MANUEL GUERRA',''),('CT25','DEPORTES EL MADRILEÑO','CASTILLA 345','ZARAGOZA',976388934,'CARLOS GONZÁLEZ',''),('CT26','FERRETERÍA LA ESCOBA','ORENSE 7','MADRID',918459346,'JOSÉ GARCÍA',''),('CT27','JUGUETES EL BARATO','VÍA AUGUSTA 245','BARCELONA',933486984,'ELVIRA IGLESIAS',''),('CT28','CONFECCIONES HERMINIA','CORRIDA 345','GIJÓN',985597315,'ABEL GONZÁLEZ',''),('CT30','BAZAR EL ARGENTINO','ATOCHA 55','MADRID',912495973,'ADRIÁN ÁLVAREZ',''),('CT31','LA TIENDA ELEGANTE','EL COMENDADOR 67','ZARAGOZA',975694035,'JOSÉ PASCUAL',''),('CT32','DEPORTES NAUTICOS GARCÍA','JUAN FERNÁNDEZ 89','ÁVILA',920268648,'JUAN CONRADO',''),('CT33','CONFECCIONES RUIZ','LLOBREGAT 345','BARCELONA',934587615,'CARLOS SANZ',''),('CT34','BAZAR LA FARAONA','CASTILLA Y LEÓN 34','MADRID',915483627,'ANGEL SANTAMARÍA',''),('CT35','FERRETERÍA EL MARTILLO','CASTELLANOS 205','SALAMANCA',923548965,'JOAQUÍN FERNANDEZ',''),('CT36','JUGUETES EDUCATIVOS SANZ','ORENSE 89','MADRID',916872354,'PEDRO IGLESIAS',''),('CT37','ALMACENES FERNANDEZ','ANTÓN 67','TERUEL',978564025,'MARIA ARDANZA',''),('CT38','CONFECCIONES MÓNICA','MOTORES 67','BARCELONA',935681245,'PEDRO SERRANO',''),('CT39','FERRETERÍA LIMA','VALLECAS 45','MADRID',913532785,'LUIS GARCÍA',''),('CT40','DEPORTES EL BRASILEÑO','ABEL MARTÍNEZ 67','SALAMANCA',921548762,'CARLOS GÓMEZ','');
/*!40000 ALTER TABLE `CLIENTES` ENABLE KEYS */;
UNLOCK TABLES;

--
-- Table structure for table `PEDIDOS`
--

DROP TABLE IF EXISTS `PEDIDOS`;
/*!40101 SET @saved_cs_client     = @@character_set_client */;
/*!40101 SET character_set_client = utf8 */;
CREATE TABLE `PEDIDOS` (
  `NÚMERO DE PEDIDO` smallint(6) DEFAULT NULL,
  `CÓDIGO CLIENTE` varchar(4) DEFAULT NULL,
  `FECHA DE PEDIDO` varchar(19) DEFAULT NULL,
  `FORMA DE PAGO` varchar(8) DEFAULT NULL,
  `DESCUENTO` decimal(5,4) DEFAULT NULL,
  `ENVIADO` varchar(5) DEFAULT NULL
) ENGINE=InnoDB DEFAULT CHARSET=utf8mb4;
/*!40101 SET character_set_client = @saved_cs_client */;

--
-- Dumping data for table `PEDIDOS`
--

LOCK TABLES `PEDIDOS` WRITE;
/*!40000 ALTER TABLE `PEDIDOS` DISABLE KEYS */;
INSERT INTO `PEDIDOS` VALUES (1,'CT01','2000-03-11 00:00:00','CONTADO',0.0200,'True'),(3,'CT23','2000-03-18 00:00:00','APLAZADO',0.0600,'False'),(5,'CT25','2000-03-31 00:00:00','CONTADO',0.0900,'False'),(7,'CT12','2000-04-12 00:00:00','CONTADO',0.0700,'False'),(8,'CT01','2000-04-15 00:00:00','TARJETA',0.0200,'True'),(9,'CT21','2000-04-21 00:00:00','CONTADO',0.0400,'False'),(11,'CT04','2001-05-01 00:00:00','CONTADO',0.0800,'True'),(12,'CT06','2001-05-19 00:00:00','CONTADO',0.0900,'True'),(13,'CT13','2000-04-30 00:00:00','APLAZADO',0.0300,'False'),(16,'CT25','2001-05-11 00:00:00','CONTADO',0.1200,'False'),(19,'CT10','2002-05-22 00:00:00','CONTADO',0.0700,'True'),(21,'CT16','2001-05-28 00:00:00','CONTADO',0.0300,'False'),(22,'CT07','2000-05-31 00:00:00','TARJETA',0.0500,'True'),(25,'CT18','2000-06-02 00:00:00','CONTADO',0.0600,'False'),(26,'CT09','2001-06-04 00:00:00','APLAZADO',0.0700,'True'),(27,'CT34','2000-06-06 00:00:00','CONTADO',0.0400,'False'),(28,'CT28','2000-06-08 00:00:00','APLAZADO',0.0800,'False'),(29,'CT30','2001-04-02 00:00:00','TARJETA',0.0600,'False'),(30,'CT02','2000-08-15 00:00:00','CONTADO',0.0600,'True'),(31,'CT30','2000-06-08 00:00:00','TARJETA',0.0500,'True'),(32,'CT14','2001-06-20 00:00:00','APLAZADO',0.0600,'False'),(34,'CT26','2002-06-23 00:00:00','TARJETA',0.0500,'False'),(35,'CT26','2001-06-30 00:00:00','CONTADO',0.0600,'False'),(37,'CT24','2001-07-02 00:00:00','TARJETA',0.0300,'True'),(39,'CT20','2001-07-08 00:00:00','TARJETA',0.0600,'True'),(40,'CT04','2002-07-12 00:00:00','CONTADO',0.1200,'False'),(42,'CT34','2002-07-15 00:00:00','APLAZADO',0.0700,'True'),(43,'CT09','2001-07-18 00:00:00','CONTADO',0.0700,'False'),(44,'CT34','2002-07-20 00:00:00','APLAZADO',0.0400,'False'),(45,'CT30','2002-07-22 00:00:00','TARJETA',0.0700,'False'),(46,'CT31','2002-07-25 00:00:00','CONTADO',0.0600,'False'),(47,'CT34','2000-07-31 00:00:00','APLAZADO',0.0800,'False'),(48,'CT18','2002-08-30 00:00:00','CONTADO',0.0300,'False'),(49,'CT28','2002-09-02 00:00:00','CONTADO',0.0300,'False'),(50,'CT09','2002-09-05 00:00:00','APLAZADO',0.0800,'False'),(51,'CT09','2002-09-05 00:00:00','CONTADO',0.0500,'True'),(63,'CT28','2000-09-10 00:00:00','CONTADO',0.0900,'False'),(72,'CT01','2002-08-18 00:00:00','CONTADO',0.0500,'True'),(73,'CT01','2001-08-02 00:00:00','CONTADO',0.0700,'False'),(74,'CT01','2002-09-17 00:00:00','APLAZADO',0.0800,'False'),(75,'CT01','2002-09-30 00:00:00','TARJETA',0.1200,'False'),(76,'CT01','2002-10-19 00:00:00','CONTADO',0.0400,'True'),(77,'CT01','2000-10-28 00:00:00','CONTADO',0.0500,'False'),(79,'CT34','2000-12-12 00:00:00','CONTADO',0.0500,'False'),(85,'CT04','2002-12-23 00:00:00','TARJETA',0.0400,'False'),(86,'CT09','2001-12-24 00:00:00','APLAZADO',0.0300,'False'),(98,'CT01','2001-12-27 00:00:00','CONTADO',0.0800,'True'),(102,'CT06','2001-01-12 00:00:00','CONTADO',0.0700,'True'),(103,'CT02','2001-01-24 00:00:00','CONTADO',0.0400,'False'),(105,'CT30','2001-01-01 00:00:00','APLAZADO',0.0900,'False'),(5005,'CT30','2002-08-10 00:00:00','TARJETA',0.0000,'True'),(5050,'CT30','2002-03-27 00:00:00','TARJETA',0.0000,'True');
/*!40000 ALTER TABLE `PEDIDOS` ENABLE KEYS */;
UNLOCK TABLES;

--
-- Table structure for table `PRODUCTOS`
--

DROP TABLE IF EXISTS `PRODUCTOS`;
/*!40101 SET @saved_cs_client     = @@character_set_client */;
/*!40101 SET character_set_client = utf8 */;
CREATE TABLE `PRODUCTOS` (
  `CÓDIGO ARTÍCULO` varchar(4) DEFAULT NULL,
  `SECCIÓN` varchar(10) DEFAULT NULL,
  `NOMBRE ARTÍCULO` varchar(19) DEFAULT NULL,
  `PRECIO` decimal(10,4) DEFAULT NULL,
  `FECHA` varchar(19) DEFAULT NULL,
  `IMPORTADO` varchar(5) DEFAULT NULL,
  `PAÍS DE ORIGEN` varchar(9) DEFAULT NULL,
  `FOTO` varchar(0) DEFAULT NULL
) ENGINE=InnoDB DEFAULT CHARSET=utf8mb4;
/*!40101 SET character_set_client = @saved_cs_client */;

--
-- Dumping data for table `PRODUCTOS`
--

LOCK TABLES `PRODUCTOS` WRITE;
/*!40000 ALTER TABLE `PRODUCTOS` DISABLE KEYS */;
INSERT INTO `PRODUCTOS` VALUES ('AR01','FERRETERÍA','DESTORNILLADOR',6.6280,'2000-10-22 00:00:00','False','ESPAÑA',''),('AR02','CONFECCIÓN','TRAJE CABALLERO',284.5769,'2002-03-11 00:00:00','True','ITALIA',''),('AR03','JUGUETERÍA','COCHE TELEDIRIGIDO',159.4462,'2002-05-26 00:00:00','True','MARRUECOS',''),('AR04','DEPORTES','RAQUETA TENIS',93.4694,'2000-03-20 00:00:00','True','USA',''),('AR06','DEPORTES','MANCUERNAS',60.0000,'2000-09-13 00:00:00','True','USA',''),('AR07','CONFECCIÓN','SERRUCHO',30.2045,'2001-03-23 00:00:00','True','FRANCIA',''),('AR08','JUGUETERÍA','CORREPASILLOS',103.3356,'2000-04-11 00:00:00','True','JAPÓN',''),('AR09','CONFECCIÓN','PANTALÓN SEÑORA',174.2310,'2000-01-10 00:00:00','True','MARRUECOS',''),('AR10','JUGUETERÍA','CONSOLA VIDEO',442.5444,'2002-09-24 00:00:00','True','USA',''),('AR11','CERÁMICA','TUBOS',168.4253,'2000-02-04 00:00:00','True','CHINA',''),('AR12','FERRETERÍA','LLAVE INGLESA',24.3986,'2001-05-23 00:00:00','True','USA',''),('AR13','CONFECCIÓN','CAMISA CABALLERO',67.1306,'2002-08-11 00:00:00','False','ESPAÑA',''),('AR14','JUGUETERÍA','TREN ELÉCTRICO',1505.3766,'2001-07-03 00:00:00','True','JAPÓN',''),('AR15','CERÁMICA','PLATO DECORATIVO',54.0911,'2000-06-07 00:00:00','True','CHINA',''),('AR16','FERRETERÍA','ALICATES',6.7362,'2000-04-17 00:00:00','True','ITALIA',''),('AR17','JUGUETERÍA','MUÑECA ANDADORA',105.0593,'2001-01-04 00:00:00','False','ESPAÑA',''),('AR18','DEPORTES','PISTOLA OLÍMPICA',46.7347,'2001-02-02 00:00:00','True','SUECIA',''),('AR19','CONFECCIÓN','BLUSA SRA.',101.0566,'2000-03-18 00:00:00','True','CHINA',''),('AR20','CERÁMICA','JUEGO DE TE',43.2728,'2001-01-15 00:00:00','True','CHINA',''),('AR21','CERÁMICA','CENICERO',19.7468,'2001-07-02 00:00:00','True','JAPÓN',''),('AR22','FERRETERÍA','MARTILLO',11.3952,'2001-09-04 00:00:00','False','ESPAÑA',''),('AR23','CONFECCIÓN','CAZADORA PIEL',522.6930,'2001-07-10 00:00:00','True','ITALIA',''),('AR24','DEPORTES','BALÓN RUGBY',111.6440,'2000-11-11 00:00:00','True','USA',''),('AR25','DEPORTES','BALÓN BALONCESTO',75.2731,'2001-06-25 00:00:00','True','JAPÓN',''),('AR26','JUGUETERÍA','FUERTE DE SOLDADOS',143.7020,'2000-11-25 00:00:00','True','JAPÓN',''),('AR27','CONFECCIÓN','ABRIGO CABALLERO',500000.0000,'2002-04-05 00:00:00','True','ITALIA',''),('AR28','DEPORTES','BALÓN FÚTBOL',43.9147,'2002-07-04 00:00:00','False','ESPAÑA',''),('AR29','CONFECCIÓN','ABRIGO SRA',360.0736,'2001-05-03 00:00:00','True','MARRUECOS',''),('AR30','FERRETERÍA','DESTORNILLADOR',9.0584,'2002-02-20 00:00:00','True','FRANCIA',''),('AR31','JUGUETERÍA','PISTOLA CON SONIDOS',57.2500,'2001-04-15 00:00:00','False','ESPAÑA',''),('AR32','DEPORTES','CRONÓMETRO',439.1764,'2002-01-03 00:00:00','True','USA',''),('AR33','CERÁMICA','MACETA',29.0434,'2000-02-23 00:00:00','False','ESPAÑA',''),('AR34','OFICINA','PIE DE LÁMPARA',39.7606,'2001-05-27 00:00:00','True','TURQUÍA',''),('AR35','FERRETERÍA','LIMA GRANDE',22.0692,'2002-08-10 00:00:00','False','ESPAÑA',''),('AR36','FERRETERÍA','JUEGO DE BROCAS',15.0950,'2002-07-04 00:00:00','True','TAIWÁN',''),('AR37','CONFECCIÓN','CINTURÓN DE PIEL',4.3273,'2002-05-12 00:00:00','False','ESPAÑA',''),('AR38','DEPORTES','CAÑA DE PESCA',270.0000,'2000-02-14 00:00:00','True','USA',''),('AR39','CERÁMICA','JARRA CHINA',127.7704,'2002-09-02 00:00:00','True','CHINA',''),('AR40','DEPORTES','BOTA ALPINISMO',144.0000,'2002-05-05 00:00:00','False','ESPAÑA',''),('AR41','DEPORTES','PALAS DE PING PONG',21.6000,'2002-02-02 00:00:00','False','ESPAÑA','');
/*!40000 ALTER TABLE `PRODUCTOS` ENABLE KEYS */;
UNLOCK TABLES;

--
-- Table structure for table `PRODUCTOS- PEDIDOS`
--

DROP TABLE IF EXISTS `PRODUCTOS- PEDIDOS`;
/*!40101 SET @saved_cs_client     = @@character_set_client */;
/*!40101 SET character_set_client = utf8 */;
CREATE TABLE `PRODUCTOS- PEDIDOS` (
  `NÚMERO DE PEDIDO` tinyint(4) DEFAULT NULL,
  `CÓDIGO ARTÍCULO` varchar(4) DEFAULT NULL,
  `UNIDADES` tinyint(4) DEFAULT NULL
) ENGINE=InnoDB DEFAULT CHARSET=utf8mb4;
/*!40101 SET character_set_client = @saved_cs_client */;

--
-- Dumping data for table `PRODUCTOS- PEDIDOS`
--

LOCK TABLES `PRODUCTOS- PEDIDOS` WRITE;
/*!40000 ALTER TABLE `PRODUCTOS- PEDIDOS` DISABLE KEYS */;
INSERT INTO `PRODUCTOS- PEDIDOS` VALUES (1,'AR01',11),(1,'AR04',10),(1,'AR15',4),(1,'AR22',18),(3,'AR02',20),(3,'AR22',3),(5,'AR04',16),(7,'AR06',16),(8,'AR02',6),(8,'AR06',5),(8,'AR07',6),(8,'AR10',2),(8,'AR12',30),(8,'AR15',15),(8,'AR18',20),(8,'AR19',18),(8,'AR25',5),(8,'AR32',15),(8,'AR33',18),(8,'AR34',5),(8,'AR35',24),(9,'AR06',14),(11,'AR08',1),(12,'AR08',12),(13,'AR08',8),(16,'AR10',17),(19,'AR13',4),(21,'AR15',11),(22,'AR17',6),(22,'AR26',4),(22,'AR28',21),(25,'AR19',12),(26,'AR19',12),(27,'AR21',11),(28,'AR21',22),(29,'AR22',12),(30,'AR23',33),(31,'AR24',31),(32,'AR25',11),(34,'AR22',7),(34,'AR27',3),(35,'AR22',9),(35,'AR27',12),(37,'AR27',11),(39,'AR29',22),(40,'AR30',1),(42,'AR31',21),(43,'AR32',3),(44,'AR22',22),(45,'AR36',21),(46,'AR37',8),(47,'AR38',12),(48,'AR38',13),(49,'AR39',13),(50,'AR39',1);
/*!40000 ALTER TABLE `PRODUCTOS- PEDIDOS` ENABLE KEYS */;
UNLOCK TABLES;
/*!40103 SET TIME_ZONE=@OLD_TIME_ZONE */;

/*!40101 SET SQL_MODE=@OLD_SQL_MODE */;
/*!40014 SET FOREIGN_KEY_CHECKS=@OLD_FOREIGN_KEY_CHECKS */;
/*!40014 SET UNIQUE_CHECKS=@OLD_UNIQUE_CHECKS */;
/*!40101 SET CHARACTER_SET_CLIENT=@OLD_CHARACTER_SET_CLIENT */;
/*!40101 SET CHARACTER_SET_RESULTS=@OLD_CHARACTER_SET_RESULTS */;
/*!40101 SET COLLATION_CONNECTION=@OLD_COLLATION_CONNECTION */;
/*!40111 SET SQL_NOTES=@OLD_SQL_NOTES */;

-- Dump completed on 2023-11-11 11:56:59
